Cluster,CGPA,Placement Rate,Research Papers Published,Annual Family Income
0,9.390359946643398,80.0828909847022,11.556364176444378,3595153.785311154
1,7.8852930351660735,71.80501951261816,22.11065822565259,1466915.874338739
2,7.941489426706232,92.8236659601526,26.77185247986435,1481921.882662145
3,9.40480650329346,84.45885523924895,37.648773470623865,3617024.670427014
