,Feature,Importance
0,CGPA,0.047573750598917046
1,Research Papers Published,0.09156615546070712
2,Faculty Count,-0.0004438475588045427
3,Total Students,5.982916837882881e-07
